{
  "total_genomes": 886,
  "successful_genomes": 0,
  "average_score": 0.015271218961625282,
  "execution_time_seconds": 7782.948926210403,
  "generations_completed": 1
}